{
    "core": {
        "magic": "APF_VER_1",
        "metadata": {
            "platform_ids": [
                "jtyiear"
            ],
            "shortname": "jtyiear",
            "description": "Arcade hardware",
            "author": "jotego",
            "url": "https:\/\/patreon.com\/jotego",
            "version": "e62840a9",
            "date_release": "2022-12-23"
        },
        "framework": {
            "target_product": "Analogue Pocket",
            "version_required": "1.1",
            "sleep_supported": false,
            "dock": {
                "supported": true,
                "analog_output": false
            },
            "hardware": {
                "link_port": false,
                "cartridge_adapter": -1
            }
        },
        "cores": [
            {
                "name": "jtyiear",
                "id": 0,
                "filename": "jtyiear.rbf_r"
            }
        ]
    }
}