{
	"video":{
		"magic": "APF_VER_1",
		"scaler_modes": [
			{
				"width": 160,
				"height": 152,
				"aspect_w": 160,
				"aspect_h": 152,
				"rotation": 0,
				"mirror": 0
			},
			{
				"width": 160,
				"height": 152,
				"aspect_w": 160,
				"aspect_h": 152,
				"rotation": 270,
				"mirror": 0
			},
			{
				"width": 160,
				"height": 152,
				"aspect_w": 160,
				"aspect_h": 152,
				"rotation": 90,
				"mirror": 0
			},
			{
				"width": 160,
				"height": 152,
				"aspect_w": 160,
				"aspect_h": 152,
				"rotation": 0,
				"mirror": 0
			},
			{
				"width": 144,
				"height": 152,
				"aspect_w": 160,
				"aspect_h": 152,
				"rotation": 0,
				"mirror": 0
			},
			{
				"width": 128,
				"height": 152,
				"aspect_w": 160,
				"aspect_h": 152,
				"rotation": 0,
				"mirror": 0
			}
		]
	}
}