{
    "core": {
        "magic": "APF_VER_1",
        "metadata": {
            "platform_ids": [
                "jtcommnd",
                "jtpatreon"
            ],
            "shortname": "jtcommnd",
            "description": "Arcade",
            "author": "jotego",
            "url": "https:\/\/patreon.com\/jotego",
            "version": "7afc41d9",
            "date_release": "2025-10-31"
        },
        "framework": {
            "target_product": "Analogue Pocket",
            "version_required": "1.1",
            "sleep_supported": false,
            "dock": {
                "supported": true,
                "analog_output": false
            },
            "hardware": {
                "link_port": false,
                "cartridge_adapter": 0
            }
        },
        "cores": [
            {
                "name": "jtcommnd",
                "id": 0,
                "filename": "jtcommnd.rbf_r"
            }
        ]
    }
}