{
	"video":{
		"magic": "APF_VER_1",
		"scaler_modes": [
			{
				"width": 384,
				"height": 224,
				"aspect_w": 1280,
				"aspect_h": 973,
				"rotation": 0,
				"mirror": 0
			},
			{
				"width": 384,
				"height": 224,
				"aspect_w": 1280,
				"aspect_h": 973,
				"rotation": 270,
				"mirror": 0
			},
			{
				"width": 384,
				"height": 224,
				"aspect_w": 1280,
				"aspect_h": 973,
				"rotation": 90,
				"mirror": 0
			},
			{
				"width": 384,
				"height": 224,
				"aspect_w": 1280,
				"aspect_h": 973,
				"rotation": 0,
				"mirror": 0
			},
			{
				"width": 368,
				"height": 224,
				"aspect_w": 1280,
				"aspect_h": 973,
				"rotation": 0,
				"mirror": 0
			},
			{
				"width": 352,
				"height": 224,
				"aspect_w": 1280,
				"aspect_h": 973,
				"rotation": 0,
				"mirror": 0
			}
		]
	}
}