{
	"video":{
		"magic": "APF_VER_1",
		"scaler_modes": [
			{
				"width": 256,
				"height": 240,
				"aspect_w": 4,
				"aspect_h": 3,
				"rotation": 0,
				"mirror": 0
			},
			{
				"width": 256,
				"height": 240,
				"aspect_w": 4,
				"aspect_h": 3,
				"rotation": 270,
				"mirror": 0
			},
			{
				"width": 256,
				"height": 240,
				"aspect_w": 4,
				"aspect_h": 3,
				"rotation": 90,
				"mirror": 0
			},
			{
				"width": 240,
				"height": 240,
				"aspect_w": 4,
				"aspect_h": 3,
				"rotation": 0,
				"mirror": 0
			},
			{
				"width": 240,
				"height": 240,
				"aspect_w": 4,
				"aspect_h": 3,
				"rotation": 270,
				"mirror": 0
			},
			{
				"width": 240,
				"height": 240,
				"aspect_w": 4,
				"aspect_h": 3,
				"rotation": 90,
				"mirror": 0
			},
			{
				"width": 224,
				"height": 240,
				"aspect_w": 4,
				"aspect_h": 3,
				"rotation": 0,
				"mirror": 0
			},
			{
				"width": 224,
				"height": 240,
				"aspect_w": 4,
				"aspect_h": 3,
				"rotation": 270,
				"mirror": 0
			}
		],
		"display_modes": [
			{
				"id": "0x10"
			},
			{
				"id": "0x20"
			},
			{
				"id": "0x30"
			},
			{
				"id": "0x40"
			},
			{
				"id": "0xE0"
			},
			{
				"id": "0xE1"
			}
		]
	}
}